NAME,ALLSTAR
LeBron James,Y
Amar'e Stoudemire,Y
Antawn Jamison,Y
Rashard Lewis,Y
Manu Ginobili,Y
Tony Parker,Y
Richard Hamilton,Y
Chauncey Billups,Y
Chris Bosh,Y
Pau Gasol,Y
Josh Howard,Y
Mehmet Okur,Y
Carlos Boozer,Y
Caron Butler,Y
Carmelo Anthony,Y
Joe Johnson,Y
Dwight Howard,Y
David West,Y
Brandon Roy,Y
Chris Paul,Y
Danny Granger,Y
Devin Harris,Y
Jameer Nelson,Y
Mo Williams,Y
Chris Kaman,Y
Gerald Wallace,Y
Al Horford,Y
Derrick Rose,Y
Deron Williams,Y
Rajon Rondo,Y
Kevin Durant,Y
David Lee,Y
Zach Randolph,Y
Kevin Love,Y
Russell Westbrook,Y
Blake Griffin,Y
Andrew Bynum,Y
Andre Iguodala,Y
Luol Deng,Y
LaMarcus Aldridge,Y
Roy Hibbert,Y
Marc Gasol,Y
Tyson Chandler,Y
Brook Lopez,Y
Joakim Noah,Y
Paul George,Y
Kyrie Irving,Y
James Harden,Y
Jrue Holiday,Y
Damian Lillard,Y
Paul Millsap,Y
John Wall,Y
Stephen Curry,Y
Anthony Davis,Y
DeMar DeRozan,Y
Kyle Korver,Y
Jeff Teague,Y
DeMarcus Cousins,Y
Jimmy Butler,Y
Klay Thompson,Y
Kyle Lowry,Y
Isaiah Thomas,Y
Kawhi Leonard,Y
Draymond Green,Y
Andre Drummond,Y
Gordon Hayward,Y
DeAndre Jordan,Y
Kemba Walker,Y
Giannis Antetokounmpo,Y
Goran Dragic,Y
Kristaps Porzingis,Y
Victor Oladipo,Y
Bradley Beal,Y
Karl-Anthony Towns,Y
Joel Embiid,Y
D'Angelo Russell,Y
Khris Middleton,Y
Ben Simmons,Y
Nikola Jokic,Y
Nikola Vucevic,Y
Brandon Ingram,Y
Domantas Sabonis,Y
Rudy Gobert,Y
Devin Booker,Y
Luka Doncic,Y
Donovan Mitchell,Y
Jayson Tatum,Y
Trae Young,Y
Pascal Siakam,Y
Bam Adebayo,Y
Mike Conley,Y
Zach LaVine,Y
Zion Williamson,Y
Jaylen Brown,Y
Julius Randle,Y
Jarrett Allen,Y
LaMelo Ball,Y
Darius Garland,Y
Dejounte Murray,Y
Fred VanVleet,Y
Andrew Wiggins,Y
Ja Morant,Y
De'Aaron Fox,Y
Jaren Jackson Jr.,Y
Lauri Markkanen,Y
Anthony Edwards,Y
Shai Gilgeous-Alexander,Y
Tyrese Haliburton,Y
Paolo Banchero,Y
Scottie Barnes,Y
Jalen Brunson,Y
Tyrese Maxey,Y